{"cameraMode":{"drawMode":0,"name":"Shaded","section":"Shading Mode"},"sceneLighting":false,"audioPlay":false,"sceneViewState":{"showFog":true,"showMaterialUpdate":false,"showSkybox":false,"showFlares":true,"showImageEffects":true,"showParticleSystems":true},"in2DMode":false,"pivot":{"x":4.6776204109191898,"y":1.095388412475586,"z":1.0021352767944337},"rotation":{"x":0.0532989464700222,"y":0.7520769238471985,"z":-0.06128576770424843,"w":0.6540551781654358},"size":1.7201719284057618,"orthographic":false}