{"cameraMode":{"drawMode":0,"name":"Shaded","section":"Shading Mode"},"sceneLighting":false,"audioPlay":false,"sceneViewState":{"showFog":true,"showMaterialUpdate":false,"showSkybox":false,"showFlares":true,"showImageEffects":true,"showParticleSystems":true},"in2DMode":false,"pivot":{"x":-0.7301360368728638,"y":0.6847635507583618,"z":0.8073524236679077},"rotation":{"x":0.13784150779247285,"y":0.8366217613220215,"z":-0.24539147317409516,"w":0.46995291113853457},"size":4.905096530914307,"orthographic":false}