{"cameraMode":{"drawMode":0,"name":"Shaded","section":"Shading Mode"},"sceneLighting":false,"audioPlay":false,"sceneViewState":{"showFog":true,"showMaterialUpdate":false,"showSkybox":false,"showFlares":true,"showImageEffects":true,"showParticleSystems":true},"in2DMode":false,"pivot":{"x":-3.8407163619995119,"y":0.7135311961174011,"z":-0.008202821016311646},"rotation":{"x":0.13784150779247285,"y":0.8366217613220215,"z":-0.24539147317409516,"w":0.46995291113853457},"size":1.573952317237854,"orthographic":false}