{"cameraMode":{"drawMode":0,"name":"Shaded","section":"Shading Mode"},"sceneLighting":false,"audioPlay":false,"sceneViewState":{"showFog":true,"showMaterialUpdate":false,"showSkybox":false,"showFlares":true,"showImageEffects":true,"showParticleSystems":true},"in2DMode":false,"pivot":{"x":12.154470443725586,"y":-6.058835506439209,"z":11.305438995361329},"rotation":{"x":-0.15871980786323548,"y":-0.3969974219799042,"z":0.06990139186382294,"w":-0.9012975096702576},"size":10.0,"orthographic":false}