{"cameraMode":{"drawMode":0,"name":"Shaded","section":"Shading Mode"},"sceneLighting":true,"audioPlay":false,"sceneViewState":{"showFog":true,"showMaterialUpdate":false,"showSkybox":true,"showFlares":true,"showImageEffects":true,"showParticleSystems":true},"in2DMode":false,"pivot":{"x":19.79436683654785,"y":-42.46125793457031,"z":58.570987701416019},"rotation":{"x":-0.3037349283695221,"y":-0.16973057389259339,"z":0.05507493019104004,"w":-0.9359078407287598},"size":42.435245513916019,"orthographic":false}