{"cameraMode":{"drawMode":0,"name":"Shaded","section":"Shading Mode"},"sceneLighting":false,"audioPlay":false,"sceneViewState":{"showFog":true,"showMaterialUpdate":false,"showSkybox":false,"showFlares":true,"showImageEffects":true,"showParticleSystems":true},"in2DMode":false,"pivot":{"x":15.441154479980469,"y":0.7038498520851135,"z":1.0712695121765137},"rotation":{"x":0.055731624364852908,"y":0.6530774235725403,"z":-0.048290595412254336,"w":0.7536953091621399},"size":1.7201718091964722,"orthographic":false}