{"cameraMode":{"drawMode":0,"name":"Shaded","section":"Shading Mode"},"sceneLighting":false,"audioPlay":false,"sceneViewState":{"showFog":true,"showMaterialUpdate":false,"showSkybox":false,"showFlares":true,"showImageEffects":true,"showParticleSystems":true},"in2DMode":false,"pivot":{"x":-4.126940727233887,"y":0.738983154296875,"z":0.16744929552078248},"rotation":{"x":0.13784150779247285,"y":0.8366217613220215,"z":-0.24539147317409516,"w":0.46995291113853457},"size":1.5602807998657227,"orthographic":false}