{"cameraMode":{"drawMode":0,"name":"Shaded","section":"Shading Mode"},"sceneLighting":true,"audioPlay":false,"sceneViewState":{"showFog":true,"showMaterialUpdate":false,"showSkybox":false,"showFlares":true,"showImageEffects":true,"showParticleSystems":true},"in2DMode":false,"pivot":{"x":6.065120697021484,"y":1.5420520305633546,"z":3.2310678958892824},"rotation":{"x":-0.28595757484436037,"y":0.1859118640422821,"z":-0.0566650927066803,"w":-0.9383364319801331},"size":9.178398132324219,"orthographic":false}