{"cameraMode":{"drawMode":0,"name":"Shaded","section":"Shading Mode"},"sceneLighting":true,"audioPlay":false,"sceneViewState":{"showFog":true,"showMaterialUpdate":false,"showSkybox":true,"showFlares":true,"showImageEffects":true,"showParticleSystems":true},"in2DMode":false,"pivot":{"x":-13.042791366577149,"y":-5.314270496368408,"z":-3.829362630844116},"rotation":{"x":-0.19148729741573335,"y":0.7087101936340332,"z":-0.21018430590629579,"w":-0.6456668972969055},"size":10.0,"orthographic":false}