{"cameraMode":{"drawMode":0,"name":"Shaded","section":"Shading Mode"},"sceneLighting":false,"audioPlay":false,"sceneViewState":{"showFog":true,"showMaterialUpdate":false,"showSkybox":false,"showFlares":true,"showImageEffects":true,"showParticleSystems":true},"in2DMode":false,"pivot":{"x":15.097576141357422,"y":-7.1682257652282719,"z":15.864606857299805},"rotation":{"x":-0.15508915483951569,"y":-0.1475987434387207,"z":0.023438869044184686,"w":-0.9765368103981018},"size":31.132165908813478,"orthographic":false}