{"cameraMode":{"drawMode":0,"name":"Shaded","section":"Shading Mode"},"sceneLighting":false,"audioPlay":false,"sceneViewState":{"showFog":true,"showMaterialUpdate":false,"showSkybox":false,"showFlares":true,"showImageEffects":true,"showParticleSystems":true},"in2DMode":false,"pivot":{"x":0.0000025527633624733427,"y":0.000009070330634131096,"z":8.808419806882739e-7},"rotation":{"x":-0.023603862151503564,"y":-0.18046340346336366,"z":0.00432939687743783,"w":-0.9832944273948669},"size":0.000017320508050033823,"orthographic":false}