{"cameraMode":{"drawMode":0,"name":"Shaded","section":"Shading Mode"},"sceneLighting":false,"audioPlay":false,"sceneViewState":{"showFog":true,"showMaterialUpdate":false,"showSkybox":false,"showFlares":true,"showImageEffects":true,"showParticleSystems":true},"in2DMode":false,"pivot":{"x":29.805938720703126,"y":-15.825081825256348,"z":8.947586059570313},"rotation":{"x":-0.18495191633701325,"y":-0.6620913147926331,"z":0.17365910112857819,"w":-0.7052026987075806},"size":24.24871063232422,"orthographic":false}