{"cameraMode":{"drawMode":0,"name":"Shaded","section":"Shading Mode"},"sceneLighting":false,"audioPlay":false,"sceneViewState":{"showFog":true,"showMaterialUpdate":false,"showSkybox":false,"showFlares":true,"showImageEffects":true,"showParticleSystems":true},"in2DMode":false,"pivot":{"x":19.52057456970215,"y":-25.389347076416017,"z":62.022552490234378},"rotation":{"x":-0.18429067730903626,"y":-0.1476784497499466,"z":0.028016814962029458,"w":-0.9713325500488281},"size":36.37306594848633,"orthographic":false}