{"cameraMode":{"drawMode":0,"name":"Shaded","section":"Shading Mode"},"sceneLighting":true,"audioPlay":false,"sceneViewState":{"showFog":true,"showMaterialUpdate":false,"showSkybox":false,"showFlares":true,"showImageEffects":true,"showParticleSystems":true},"in2DMode":false,"pivot":{"x":-54.55266571044922,"y":-23.430885314941408,"z":-28.566274642944337},"rotation":{"x":0.09465806186199188,"y":-0.8421132564544678,"z":0.15715283155441285,"w":0.5071752667427063},"size":34.45576858520508,"orthographic":false}