{"cameraMode":{"drawMode":0,"name":"Shaded","section":"Shading Mode"},"sceneLighting":true,"audioPlay":false,"sceneViewState":{"showFog":true,"showMaterialUpdate":false,"showSkybox":true,"showFlares":true,"showImageEffects":true,"showParticleSystems":true},"in2DMode":false,"pivot":{"x":-7.687625885009766,"y":-5.79416561126709,"z":-5.685408592224121},"rotation":{"x":0.29953819513320925,"y":0.3211386501789093,"z":-0.10785075277090073,"w":0.8919242024421692},"size":9.763459205627442,"orthographic":false}