{"cameraMode":{"drawMode":0,"name":"Shaded","section":"Shading Mode"},"sceneLighting":false,"audioPlay":false,"sceneViewState":{"showFog":true,"showMaterialUpdate":false,"showSkybox":false,"showFlares":true,"showImageEffects":true,"showParticleSystems":true},"in2DMode":false,"pivot":{"x":3.4642653465270998,"y":-14.803414344787598,"z":-81.00900268554688},"rotation":{"x":-0.0019146683625876904,"y":-0.9953516721725464,"z":0.09434289485216141,"w":-0.020324131473898889},"size":46.34035110473633,"orthographic":false}