{"cameraMode":{"drawMode":0,"name":"Shaded","section":"Shading Mode"},"sceneLighting":false,"audioPlay":false,"sceneViewState":{"showFog":true,"showMaterialUpdate":false,"showSkybox":false,"showFlares":true,"showImageEffects":true,"showParticleSystems":true},"in2DMode":false,"pivot":{"x":-0.7495326995849609,"y":0.7495326995849609,"z":-2.4300003051757814},"rotation":{"x":-0.01205506082624197,"y":-0.958796501159668,"z":0.2809048593044281,"w":-0.04117469862103462},"size":7.724160671234131,"orthographic":false}