{"cameraMode":{"drawMode":0,"name":"Shaded","section":"Shading Mode"},"sceneLighting":false,"audioPlay":false,"sceneViewState":{"showFog":true,"showMaterialUpdate":false,"showSkybox":false,"showFlares":true,"showImageEffects":true,"showParticleSystems":true},"in2DMode":false,"pivot":{"x":1.923448920249939,"y":-0.7541115283966065,"z":0.009459733963012696},"rotation":{"x":-0.1054629385471344,"y":-0.8742311000823975,"z":0.2195107638835907,"w":-0.4200592339038849},"size":2.7329981327056886,"orthographic":false}