{"cameraMode":{"drawMode":0,"name":"Shaded","section":"Shading Mode"},"sceneLighting":true,"audioPlay":false,"sceneViewState":{"showFog":true,"showMaterialUpdate":false,"showSkybox":true,"showFlares":true,"showImageEffects":true,"showParticleSystems":true},"in2DMode":false,"pivot":{"x":-13.57823371887207,"y":5.316463947296143,"z":-23.7884464263916},"rotation":{"x":-0.3443862497806549,"y":0.45127642154693606,"z":-0.1942659467458725,"w":-0.8000153303146362},"size":0.9814397096633911,"orthographic":false}