{"cameraMode":{"drawMode":0,"name":"Shaded","section":"Shading Mode"},"sceneLighting":false,"audioPlay":false,"sceneViewState":{"showFog":true,"showMaterialUpdate":false,"showSkybox":false,"showFlares":true,"showImageEffects":true,"showParticleSystems":true},"in2DMode":false,"pivot":{"x":51.343849182128909,"y":-32.05364990234375,"z":-21.77638053894043},"rotation":{"x":-0.14761419594287873,"y":-0.8042953610420227,"z":0.22390173375606538,"w":-0.5303105711936951},"size":36.37306594848633,"orthographic":false}