{"cameraMode":{"drawMode":0,"name":"Shaded","section":"Shading Mode"},"sceneLighting":false,"audioPlay":false,"sceneViewState":{"showFog":true,"showMaterialUpdate":false,"showSkybox":false,"showFlares":true,"showImageEffects":true,"showParticleSystems":true},"in2DMode":false,"pivot":{"x":29.956714630126954,"y":-25.911008834838868,"z":-58.69192123413086},"rotation":{"x":-0.04234785586595535,"y":-0.9563146829605103,"z":0.1769893765449524,"w":-0.22888077795505525},"size":40.510231018066409,"orthographic":false}