{"cameraMode":{"drawMode":0,"name":"Shaded","section":"Shading Mode"},"sceneLighting":true,"audioPlay":false,"sceneViewState":{"showFog":true,"showMaterialUpdate":false,"showSkybox":false,"showFlares":true,"showImageEffects":true,"showParticleSystems":true},"in2DMode":false,"pivot":{"x":-64.1999282836914,"y":-30.320465087890626,"z":78.99837493896485},"rotation":{"x":-0.14502555131912232,"y":0.33056437969207766,"z":-0.051471810787916186,"w":-0.9311715960502625},"size":60.62177658081055,"orthographic":false}