{"cameraMode":{"drawMode":0,"name":"Shaded","section":"Shading Mode"},"sceneLighting":false,"audioPlay":false,"sceneViewState":{"showFog":true,"showMaterialUpdate":false,"showSkybox":false,"showFlares":true,"showImageEffects":true,"showParticleSystems":true},"in2DMode":false,"pivot":{"x":6.237646579742432,"y":-2.858381748199463,"z":-6.947351932525635},"rotation":{"x":-0.034894224256277087,"y":-0.9651045799255371,"z":0.18461303412914277,"w":-0.18252712488174439},"size":9.363265991210938,"orthographic":false}