{"cameraMode":{"drawMode":0,"name":"Shaded","section":"Shading Mode"},"sceneLighting":false,"audioPlay":false,"sceneViewState":{"showFog":true,"showMaterialUpdate":false,"showSkybox":false,"showFlares":true,"showImageEffects":true,"showParticleSystems":true},"in2DMode":false,"pivot":{"x":0.11293166875839234,"y":0.008890131488442421,"z":0.04119677096605301},"rotation":{"x":0.013444799929857254,"y":-0.8491585850715637,"z":-0.02166438288986683,"w":-0.527560293674469},"size":0.11419609934091568,"orthographic":false}