{"cameraMode":{"drawMode":0,"name":"Shaded","section":"Shading Mode"},"sceneLighting":false,"audioPlay":false,"sceneViewState":{"showFog":true,"showMaterialUpdate":false,"showSkybox":false,"showFlares":true,"showImageEffects":true,"showParticleSystems":true},"in2DMode":false,"pivot":{"x":0.35931599140167239,"y":-0.017582179978489877,"z":-1.4730782508850098},"rotation":{"x":-0.12564681470394135,"y":0.017846927046775819,"z":-0.0022628556471318008,"w":-0.9919164776802063},"size":1.0912196636199952,"orthographic":false}