{"cameraMode":{"drawMode":0,"name":"Shaded","section":"Shading Mode"},"sceneLighting":true,"audioPlay":false,"sceneViewState":{"showFog":true,"showMaterialUpdate":false,"showSkybox":false,"showFlares":true,"showImageEffects":true,"showParticleSystems":true},"in2DMode":false,"pivot":{"x":-51.0830078125,"y":-57.343318939208987,"z":10.302910804748536},"rotation":{"x":-0.3157653212547302,"y":0.5726566314697266,"z":-0.2536593973636627,"w":-0.7127888202667236},"size":42.435245513916019,"orthographic":false}