{"cameraMode":{"drawMode":0,"name":"Shaded","section":"Shading Mode"},"sceneLighting":true,"audioPlay":false,"sceneViewState":{"showFog":true,"showMaterialUpdate":false,"showSkybox":true,"showFlares":true,"showImageEffects":true,"showParticleSystems":true},"in2DMode":false,"pivot":{"x":-18.109418869018556,"y":-15.774059295654297,"z":-3.867194652557373},"rotation":{"x":-0.3433990478515625,"y":0.4410508871078491,"z":-0.18751925230026246,"w":-0.8077161908149719},"size":22.487077713012697,"orthographic":false}