{"cameraMode":{"drawMode":0,"name":"Shaded","section":"Shading Mode"},"sceneLighting":true,"audioPlay":false,"sceneViewState":{"showFog":true,"showMaterialUpdate":false,"showSkybox":false,"showFlares":true,"showImageEffects":true,"showParticleSystems":true},"in2DMode":false,"pivot":{"x":-0.6472103595733643,"y":-0.27306318283081057,"z":0.9335520267486572},"rotation":{"x":-0.20687106251716615,"y":0.2779310941696167,"z":-0.06140928342938423,"w":-0.9360688924789429},"size":2.830348014831543,"orthographic":false}