{"cameraMode":{"drawMode":0,"name":"Shaded","section":"Shading Mode"},"sceneLighting":false,"audioPlay":false,"sceneViewState":{"showFog":true,"showMaterialUpdate":false,"showSkybox":false,"showFlares":true,"showImageEffects":true,"showParticleSystems":true},"in2DMode":false,"pivot":{"x":-0.3497430682182312,"y":2.572845935821533,"z":-4.515923500061035},"rotation":{"x":-0.17159081995487214,"y":-0.025128701701760293,"z":0.004375337157398462,"w":-0.9848436713218689},"size":0.000017320508050033823,"orthographic":false}