{"cameraMode":{"drawMode":0,"name":"Shaded","section":"Shading Mode"},"sceneLighting":false,"audioPlay":false,"sceneViewState":{"showFog":true,"showMaterialUpdate":false,"showSkybox":false,"showFlares":true,"showImageEffects":true,"showParticleSystems":true},"in2DMode":false,"pivot":{"x":0.7910014986991882,"y":-0.4917628765106201,"z":0.0653078556060791},"rotation":{"x":-0.2984169125556946,"y":0.15935982763767243,"z":-0.05060766637325287,"w":-0.9396800994873047},"size":1.8000173568725587,"orthographic":false}