{"cameraMode":{"drawMode":0,"name":"Shaded","section":"Shading Mode"},"sceneLighting":false,"audioPlay":false,"sceneViewState":{"showFog":true,"showMaterialUpdate":false,"showSkybox":false,"showFlares":true,"showImageEffects":true,"showParticleSystems":true},"in2DMode":false,"pivot":{"x":5.272259712219238,"y":-26.447664260864259,"z":-48.943336486816409},"rotation":{"x":-0.011754662729799748,"y":-0.9694798588752747,"z":0.2403336614370346,"w":-0.04746265709400177},"size":36.37306594848633,"orthographic":false}