{"cameraMode":{"drawMode":0,"name":"Shaded","section":"Shading Mode"},"sceneLighting":true,"audioPlay":false,"sceneViewState":{"showFog":true,"showMaterialUpdate":false,"showSkybox":false,"showFlares":true,"showImageEffects":true,"showParticleSystems":true},"in2DMode":false,"pivot":{"x":0.280533105134964,"y":0.5689312219619751,"z":0.21584033966064454},"rotation":{"x":0.020258842036128045,"y":-0.9606379866600037,"z":0.2674159109592438,"w":0.07274577021598816},"size":1.832998275756836,"orthographic":false}