{"cameraMode":{"drawMode":0,"name":"Shaded","section":"Shading Mode"},"sceneLighting":true,"audioPlay":false,"sceneViewState":{"showFog":true,"showMaterialUpdate":false,"showSkybox":true,"showFlares":true,"showImageEffects":true,"showParticleSystems":true},"in2DMode":false,"pivot":{"x":0.23202581703662873,"y":1.592789649963379,"z":0.48686668276786806},"rotation":{"x":0.0016638468950986863,"y":0.9262999296188355,"z":-0.3768759071826935,"w":0.004176569636911154},"size":1.469693899154663,"orthographic":false}