{"cameraMode":{"drawMode":0,"name":"Shaded","section":"Shading Mode"},"sceneLighting":true,"audioPlay":false,"sceneViewState":{"showFog":true,"showMaterialUpdate":false,"showSkybox":true,"showFlares":true,"showImageEffects":true,"showParticleSystems":true},"in2DMode":false,"pivot":{"x":-40.41486358642578,"y":1.2534706592559815,"z":-5.908425331115723},"rotation":{"x":0.16966618597507478,"y":-0.7016641497612,"z":0.17794138193130494,"w":0.6687703132629395},"size":1.2247449159622193,"orthographic":false}