{"cameraMode":{"drawMode":0,"name":"Shaded","section":"Shading Mode"},"sceneLighting":true,"audioPlay":false,"sceneViewState":{"showFog":true,"showMaterialUpdate":false,"showSkybox":true,"showFlares":true,"showImageEffects":true,"showParticleSystems":true},"in2DMode":false,"pivot":{"x":-8.302356719970704,"y":3.988837242126465,"z":-2.3582780361175539},"rotation":{"x":-0.028752321377396585,"y":-0.7563928961753845,"z":-0.033410556614398959,"w":0.65266352891922},"size":1.1743417978286744,"orthographic":false}