{"cameraMode":{"drawMode":0,"name":"Shaded","section":"Shading Mode"},"sceneLighting":true,"audioPlay":false,"sceneViewState":{"showFog":true,"showMaterialUpdate":false,"showSkybox":true,"showFlares":true,"showImageEffects":true,"showParticleSystems":true},"in2DMode":false,"pivot":{"x":-31.490970611572267,"y":-5.453625679016113,"z":12.223246574401856},"rotation":{"x":-0.10409200936555863,"y":0.5287630558013916,"z":-0.06552422791719437,"w":-0.839816689491272},"size":25.202409744262697,"orthographic":false}