{"cameraMode":{"drawMode":0,"name":"Shaded","section":"Shading Mode"},"sceneLighting":true,"audioPlay":false,"sceneViewState":{"showFog":true,"showMaterialUpdate":false,"showSkybox":true,"showFlares":true,"showImageEffects":true,"showParticleSystems":true},"in2DMode":false,"pivot":{"x":-9.201798439025879,"y":9.644562721252442,"z":-2.6065101623535158},"rotation":{"x":-0.2601240873336792,"y":-0.3967902958393097,"z":0.11832690984010697,"w":-0.8723012208938599},"size":1.5993452072143555,"orthographic":false}