{"cameraMode":{"drawMode":0,"name":"Shaded","section":"Shading Mode"},"sceneLighting":true,"audioPlay":false,"sceneViewState":{"showFog":true,"showMaterialUpdate":false,"showSkybox":true,"showFlares":true,"showImageEffects":true,"showParticleSystems":true},"in2DMode":false,"pivot":{"x":-1.7385057210922242,"y":0.7729527950286865,"z":7.853423595428467},"rotation":{"x":-0.2080722451210022,"y":-0.14003439247608186,"z":0.03007509559392929,"w":-0.9676001071929932},"size":1.3663344383239747,"orthographic":false}